{
    "jetsons": [
        {
            "name":"jetson1",
            "dates":[
                {
                    "date":"2023-07-03",
                    "images":[
                        {
                            "time":"13-09-12",
                            "filename":"13-09-12_ROUND.jpg"
                        },
                        {
                            "time":"13-09-15",
                            "filename":"13-09-15_ROUND.jpg"
                        },
                        {
                            "time": "13-09-26",
                            "filename": "13-09-26_ROUND.jpg"
                        }
                    
                    ]
                },
                {
                    "date":"2023-07-05",
                    "images":[
                        {
                            "time":"timestamp of image for this date",
                            "filename":"corresponding filename"
                        }
                    ]
                }
            ]
        },
        {
            "name":"jetson2",
            "dates":[
                {
                    "date":"",
                    "images":[
                        {
                            "time":"timestamp of image for this date",
                            "filename":"corresponding filename"
                        }
                    ]
                }
            ]
        },
        {
            "name":"jetson3",
            "dates":[
                {
                "date":"",
                "images":[
                    {
                    "time":"timestamp of image for this date",
                    "filename":"corresponding filename"
                    }
            ]
            }
        ]
        }
    ]
}